course,type,lecture,topic,title,original_filename,url,source_page,local_path,status,http_status,mime_type,size_bytes,sha256,notes
utaustin_ee382m,external,,,student-discipline-and-conduct,student-discipline-and-conduct,http://catalog.utexas.edu/general-information/appendices/appendix-c/student-discipline-and-conduct/,https://www.cerc.utexas.edu/~jaa/verification/,,external_only,0,,0,,external link; not downloaded
utaustin_ee382m,other,,,"Verification of Digital Systems, Spring 2021",verification,https://www.cerc.utexas.edu/~jaa/verification/,,html/index.html,html_saved,200,text/html,14193,d6f3633d777b52bf73ff116211877f0d3d6003032a96a78920a924a88e0e98a9,
utaustin_ee382m,lecture_page,L01,1. Introduction to hardware verification,"Verification of Digital Systems, Spring 2021",lectures.php,https://www.cerc.utexas.edu/~jaa/verification/lectures.php?lecture=1,https://www.cerc.utexas.edu/~jaa/verification/,html/lectures/lecture_1.html,html_saved,200,text/html,301,184ee7c9337ac60bfbdcd6dc45c8c6b349da5d7534b8a07cdd3c84d04aecf898,
utaustin_ee382m,lecture_page,L10,10. UVM Basics,"Verification of Digital Systems, Spring 2021",lectures.php,https://www.cerc.utexas.edu/~jaa/verification/lectures.php?lecture=10,https://www.cerc.utexas.edu/~jaa/verification/,html/lectures/lecture_10.html,html_saved,200,text/html,275,6e2d2cd8bef43a370f2aae5fd451759018f03156cc1aba942aa0c16358bd032d,
utaustin_ee382m,lecture_page,L11,11. Finite Automata and Temporal Logic,"Verification of Digital Systems, Spring 2021",lectures.php,https://www.cerc.utexas.edu/~jaa/verification/lectures.php?lecture=11,https://www.cerc.utexas.edu/~jaa/verification/,html/lectures/lecture_11.html,html_saved,200,text/html,299,131c8673568e8a7b2f6a09b75db231702bf46a3c7efd02c48dbc5b9d2fedbc0c,
utaustin_ee382m,lecture_page,L12,12. Model Checking,"Verification of Digital Systems, Spring 2021",lectures.php,https://www.cerc.utexas.edu/~jaa/verification/lectures.php?lecture=12,https://www.cerc.utexas.edu/~jaa/verification/,html/lectures/lecture_12.html,html_saved,200,text/html,279,5a6bd3946151c01e5189cc314e10c1d51257e0b4e5e62ab157e92262cf1f4bd0,
utaustin_ee382m,lecture_page,L13,13. Analog/Mixed-Signal Verification,"Verification of Digital Systems, Spring 2021",lectures.php,https://www.cerc.utexas.edu/~jaa/verification/lectures.php?lecture=13,https://www.cerc.utexas.edu/~jaa/verification/,html/lectures/lecture_13.html,html_saved,200,text/html,297,fd2a5cfa1ac3beb95e8e5531e15ab9e28096363928e1d9e44e6e32020a23ef8b,
utaustin_ee382m,lecture_page,L14,"14. Use of ATPG algorithms, programmable hardware","Verification of Digital Systems, Spring 2021",lectures.php,https://www.cerc.utexas.edu/~jaa/verification/lectures.php?lecture=14,https://www.cerc.utexas.edu/~jaa/verification/,html/lectures/lecture_14.html,html_saved,200,text/html,310,4b054181ed65d7d19f2e3609022000584a619bc7a803b930463390010322c52c,
utaustin_ee382m,lecture_page,L15,15. Semi-formal verification,"Verification of Digital Systems, Spring 2021",lectures.php,https://www.cerc.utexas.edu/~jaa/verification/lectures.php?lecture=15,https://www.cerc.utexas.edu/~jaa/verification/,html/lectures/lecture_15.html,html_saved,200,text/html,289,a7fb2db8b2c0e7b4575e8f4d95f7d3a0b1dd394c05c3db66dedfd03196764f85,
utaustin_ee382m,lecture_page,L16,16. Sequential equivalence checking,"Verification of Digital Systems, Spring 2021",lectures.php,https://www.cerc.utexas.edu/~jaa/verification/lectures.php?lecture=16,https://www.cerc.utexas.edu/~jaa/verification/,html/lectures/lecture_16.html,html_saved,200,text/html,296,723ea0cbab4b1f3c56287a650c7bfa9bffc5027958bc0db0139733e343063900,
utaustin_ee382m,lecture_page,L17,17. GPU verification challenges,"Verification of Digital Systems, Spring 2021",lectures.php,https://www.cerc.utexas.edu/~jaa/verification/lectures.php?lecture=17,https://www.cerc.utexas.edu/~jaa/verification/,html/lectures/lecture_17.html,html_saved,200,text/html,292,e32549fd4d735e84f1cfff6d83e3e5059b58b8c09a2d3159590527103ac4c67f,
utaustin_ee382m,lecture_page,L18,"18. QED, Symbolic QED","Verification of Digital Systems, Spring 2021",lectures.php,https://www.cerc.utexas.edu/~jaa/verification/lectures.php?lecture=18,https://www.cerc.utexas.edu/~jaa/verification/,html/lectures/lecture_18.html,html_saved,200,text/html,282,4332126602c846a64b12e03fda030670088f29dd8418f7ae2c130752df661755,
utaustin_ee382m,lecture_page,L19,19. Verification Efficiency,"Verification of Digital Systems, Spring 2021",lectures.php,https://www.cerc.utexas.edu/~jaa/verification/lectures.php?lecture=19,https://www.cerc.utexas.edu/~jaa/verification/,html/lectures/lecture_19.html,html_saved,200,text/html,288,36d595c235973bf9d77729e12f57de4de96fca3d5e253807686358e36a5bd22c,
utaustin_ee382m,lecture_page,L02,2. Industry verification flows,"Verification of Digital Systems, Spring 2021",lectures.php,https://www.cerc.utexas.edu/~jaa/verification/lectures.php?lecture=2,https://www.cerc.utexas.edu/~jaa/verification/,html/lectures/lecture_2.html,html_saved,200,text/html,290,ef3c2d4c5a34c4dcb342b60bf547229e8d6e39488a84a5a66d5308054719ce92,
utaustin_ee382m,lecture_page,L20,20. CPU verification challenges,"Verification of Digital Systems, Spring 2021",lectures.php,https://www.cerc.utexas.edu/~jaa/verification/lectures.php?lecture=20,https://www.cerc.utexas.edu/~jaa/verification/,html/lectures/lecture_20.html,html_saved,200,text/html,292,a1f6586d809943f1b2b1af4289b5952e5ab6c974a0c1145fd6e9d4ec114128d2,
utaustin_ee382m,lecture_page,L21,21. SoC verification,"Verification of Digital Systems, Spring 2021",lectures.php,https://www.cerc.utexas.edu/~jaa/verification/lectures.php?lecture=21,https://www.cerc.utexas.edu/~jaa/verification/,html/lectures/lecture_21.html,html_saved,200,text/html,281,6365712099c631deec0a28ec133d52f1d858ec99c376e7a1ce9a6be0927f525d,
utaustin_ee382m,lecture_page,L22,22. Cache Verification; ML/AI in Verif.,"Verification of Digital Systems, Spring 2021",lectures.php,https://www.cerc.utexas.edu/~jaa/verification/lectures.php?lecture=22,https://www.cerc.utexas.edu/~jaa/verification/,html/lectures/lecture_22.html,html_saved,200,text/html,300,1fe0c805a1a805d048b22fca61c4f9e4c990fb25040a5a30fc835e63ef05bce1,
utaustin_ee382m,lecture_page,L23,23. Security and Safety; Increase tool capacity,"Verification of Digital Systems, Spring 2021",lectures.php,https://www.cerc.utexas.edu/~jaa/verification/lectures.php?lecture=23,https://www.cerc.utexas.edu/~jaa/verification/,html/lectures/lecture_23.html,html_saved,200,text/html,308,cc413b12f09fb15126ed1a8f2b12580ba6f9aaf24a3b2e7fcf65c77ad23c940a,
utaustin_ee382m,lecture_page,L24,24. Am I ready to be a verification engineer?,"Verification of Digital Systems, Spring 2021",lectures.php,https://www.cerc.utexas.edu/~jaa/verification/lectures.php?lecture=24,https://www.cerc.utexas.edu/~jaa/verification/,html/lectures/lecture_24.html,html_saved,200,text/html,306,0653e29f605f5581183de743c3a19be6e9160a818084b2594e746ce1023e834b,
utaustin_ee382m,lecture_page,L25,25. New directions in verification,"Verification of Digital Systems, Spring 2021",lectures.php,https://www.cerc.utexas.edu/~jaa/verification/lectures.php?lecture=25,https://www.cerc.utexas.edu/~jaa/verification/,html/lectures/lecture_25.html,html_saved,200,text/html,295,8fbf5090079706cf4fc569b5c0d8ff75c7558fd7e68a68c7b7d0d43828029e90,
utaustin_ee382m,lecture_page,L03,3. Formal equivalence checking,"Verification of Digital Systems, Spring 2021",lectures.php,https://www.cerc.utexas.edu/~jaa/verification/lectures.php?lecture=3,https://www.cerc.utexas.edu/~jaa/verification/,html/lectures/lecture_3.html,html_saved,200,text/html,290,c8d270830fc2299da21d786a948ade1dbac2422a30fd96afa2366d52d501468b,
utaustin_ee382m,lecture_page,L04,4. Verifying clock domain crossings,"Verification of Digital Systems, Spring 2021",lectures.php,https://www.cerc.utexas.edu/~jaa/verification/lectures.php?lecture=4,https://www.cerc.utexas.edu/~jaa/verification/,html/lectures/lecture_4.html,html_saved,200,text/html,295,a63169e533cf7165c3033c42fae05a1b206d2ad040e0a45a192373cecd7e2ebc,
utaustin_ee382m,lecture_page,L05,5. Assertion Based Verification,"Verification of Digital Systems, Spring 2021",lectures.php,https://www.cerc.utexas.edu/~jaa/verification/lectures.php?lecture=5,https://www.cerc.utexas.edu/~jaa/verification/,html/lectures/lecture_5.html,html_saved,200,text/html,291,72f8839195870bce3a07d957b0d1077c7ff6bfaf7f549ad01b7d788174f003bf,
utaustin_ee382m,lecture_page,L06,6. System Verilog assertions,"Verification of Digital Systems, Spring 2021",lectures.php,https://www.cerc.utexas.edu/~jaa/verification/lectures.php?lecture=6,https://www.cerc.utexas.edu/~jaa/verification/,html/lectures/lecture_6.html,html_saved,200,text/html,288,b7e9a547bec02efe463d96fc41b26afab85241d121a46e693256734c503a73a3,
utaustin_ee382m,lecture_page,L07,"7. Symbolic Trajectory evaluation, term rewriting","Verification of Digital Systems, Spring 2021",lectures.php,https://www.cerc.utexas.edu/~jaa/verification/lectures.php?lecture=7,https://www.cerc.utexas.edu/~jaa/verification/,html/lectures/lecture_7.html,html_saved,200,text/html,309,05a0afde74efc4d7fc306fafe8f8118e86281d0844ad224fe3b36731fc66ee0a,
utaustin_ee382m,lecture_page,L08,8. Machine Learning and AI in verification,"Verification of Digital Systems, Spring 2021",lectures.php,https://www.cerc.utexas.edu/~jaa/verification/lectures.php?lecture=8,https://www.cerc.utexas.edu/~jaa/verification/,html/lectures/lecture_8.html,html_saved,200,text/html,302,1641ed2cb07166b152622c68882bbd79d16b2947ec33d4130c4531cc616c094f,
utaustin_ee382m,lecture_page,L09,9. Verification testbenches,"Verification of Digital Systems, Spring 2021",lectures.php,https://www.cerc.utexas.edu/~jaa/verification/lectures.php?lecture=9,https://www.cerc.utexas.edu/~jaa/verification/,html/lectures/lecture_9.html,html_saved,200,text/html,287,3b94e502ffe6360bd714f56339eb55c94feb275c035cb2712e79dc8091585e13,
utaustin_ee382m,slide,L01,1. Introduction to hardware verification,2-on-a-page (pdf),1-2.pdf,https://www.cerc.utexas.edu/~jaa/verification/lectures/1-2.pdf,https://www.cerc.utexas.edu/~jaa/verification/lectures.php?lecture=1,slides/L01_1_Introduction_to_hardware_verification.pdf,downloaded,200,application/pdf,3911186,72714b55a0d993f3b2013cdffe6044275d22f48a214353c74440fa06ea0b3f9f,
utaustin_ee382m,slide,L10,10. UVM Basics,2-on-a-page (pdf),10-2.pdf,https://www.cerc.utexas.edu/~jaa/verification/lectures/10-2.pdf,https://www.cerc.utexas.edu/~jaa/verification/lectures.php?lecture=10,slides/L10_10_UVM_Basics.pdf,downloaded,200,application/pdf,2112106,9cbfaa5792e0e3f84586b9d90fa76c68c46ee8c6e49c8efcb410409f6d60a449,
utaustin_ee382m,slide,L11,11. Finite Automata and Temporal Logic,2-on-a-page (pdf),11-2.pdf,https://www.cerc.utexas.edu/~jaa/verification/lectures/11-2.pdf,https://www.cerc.utexas.edu/~jaa/verification/lectures.php?lecture=11,slides/L11_11_Finite_Automata_and_Temporal_Logic.pdf,downloaded,200,application/pdf,3786679,81faf604def4ef05b33b346354eb15129cd0f973263f2e3227ed6c8ebcce38ac,
utaustin_ee382m,slide,L12,12. Model Checking,2-on-a-page (pdf),12-2.pdf,https://www.cerc.utexas.edu/~jaa/verification/lectures/12-2.pdf,https://www.cerc.utexas.edu/~jaa/verification/lectures.php?lecture=12,slides/L12_12_Model_Checking.pdf,downloaded,200,application/pdf,711796,2249854043211f83c33bb8a2cf6b0b4ef61d4dd24f98294a8041b649cb9cb19e,
utaustin_ee382m,slide,L13,13. Analog/Mixed-Signal Verification,2-on-a-page (pdf),13-2.pdf,https://www.cerc.utexas.edu/~jaa/verification/lectures/13-2.pdf,https://www.cerc.utexas.edu/~jaa/verification/lectures.php?lecture=13,slides/L13_13_Analog_Mixed_Signal_Verification.pdf,downloaded,200,application/pdf,3158667,caf59ad3d4f3bdfd8c534872f83b0e37d01b3d03965aeece937e2b3142ee3ff1,
utaustin_ee382m,slide,L14,"14. Use of ATPG algorithms, programmable hardware",2-on-a-page (pdf),14-2.pdf,https://www.cerc.utexas.edu/~jaa/verification/lectures/14-2.pdf,https://www.cerc.utexas.edu/~jaa/verification/lectures.php?lecture=14,slides/L14_14_Use_of_ATPG_algorithms_programmable_hardware.pdf,downloaded,200,application/pdf,1899087,d1d65240c3838ee8d4055c0ab90663ec1c666efc66c681d9cb5ef34cde70f867,
utaustin_ee382m,slide,L15,15. Semi-formal verification,2-on-a-page (pdf),15-2.pdf,https://www.cerc.utexas.edu/~jaa/verification/lectures/15-2.pdf,https://www.cerc.utexas.edu/~jaa/verification/lectures.php?lecture=15,slides/L15_15_Semi_formal_verification.pdf,downloaded,200,application/pdf,3398804,483667be0cfdb14795acb5b741202985f710f047a29edb2d4f0bd054b173f878,
utaustin_ee382m,slide,L16,16. Sequential equivalence checking,2-on-a-page (pdf),16-2.pdf,https://www.cerc.utexas.edu/~jaa/verification/lectures/16-2.pdf,https://www.cerc.utexas.edu/~jaa/verification/lectures.php?lecture=16,slides/L16_16_Sequential_equivalence_checking.pdf,downloaded,200,application/pdf,13685,89c7800480d47781dbeda471d10c60cc9c71c6bcb84821c5784b4061ea9ec1bc,"PLACEHOLDER: server PDF is a 1-page ""Sorry, this lecture is not ready at this time."""
utaustin_ee382m,slide,L17,17. GPU verification challenges,2-on-a-page (pdf),17-2.pdf,https://www.cerc.utexas.edu/~jaa/verification/lectures/17-2.pdf,https://www.cerc.utexas.edu/~jaa/verification/lectures.php?lecture=17,slides/L17_17_GPU_verification_challenges.pdf,downloaded,200,application/pdf,13243605,4ac12a050c473da2176dcf0ee3ed9b92ecb643242520eca893e422d78abb038e,
utaustin_ee382m,slide,L18,"18. QED, Symbolic QED",2-on-a-page (pdf),18-2.pdf,https://www.cerc.utexas.edu/~jaa/verification/lectures/18-2.pdf,https://www.cerc.utexas.edu/~jaa/verification/lectures.php?lecture=18,slides/L18_18_QED_Symbolic_QED.pdf,downloaded,200,application/pdf,4140222,9f49f4cc9a175fe595c9cf9047a7891cbdb27b2948bb097a2eb726b0e2fcc8d8,
utaustin_ee382m,slide,L19,19. Verification Efficiency,2-on-a-page (pdf),19-2.pdf,https://www.cerc.utexas.edu/~jaa/verification/lectures/19-2.pdf,https://www.cerc.utexas.edu/~jaa/verification/lectures.php?lecture=19,slides/L16_16_Sequential_equivalence_checking.pdf,duplicate,200,application/pdf,13685,89c7800480d47781dbeda471d10c60cc9c71c6bcb84821c5784b4061ea9ec1bc,"PLACEHOLDER: server PDF is a 1-page ""Sorry, this lecture is not ready at this time."""
utaustin_ee382m,slide,L02,2. Industry verification flows,2-on-a-page (pdf),2-2.pdf,https://www.cerc.utexas.edu/~jaa/verification/lectures/2-2.pdf,https://www.cerc.utexas.edu/~jaa/verification/lectures.php?lecture=2,slides/L02_2_Industry_verification_flows.pdf,downloaded,200,application/pdf,6783709,61177f2106a0691d09161b7132e6cd840463c1afaac068168388825cb1c1d367,
utaustin_ee382m,slide,L20,20. CPU verification challenges,2-on-a-page (pdf),20-2.pdf,https://www.cerc.utexas.edu/~jaa/verification/lectures/20-2.pdf,https://www.cerc.utexas.edu/~jaa/verification/lectures.php?lecture=20,slides/L16_16_Sequential_equivalence_checking.pdf,duplicate,200,application/pdf,13685,89c7800480d47781dbeda471d10c60cc9c71c6bcb84821c5784b4061ea9ec1bc,"PLACEHOLDER: server PDF is a 1-page ""Sorry, this lecture is not ready at this time."""
utaustin_ee382m,slide,L21,21. SoC verification,2-on-a-page (pdf),21-2.pdf,https://www.cerc.utexas.edu/~jaa/verification/lectures/21-2.pdf,https://www.cerc.utexas.edu/~jaa/verification/lectures.php?lecture=21,slides/L21_21_SoC_verification.pdf,downloaded,200,application/pdf,5384111,eade9c7865ad1848661a6edf463d83d5dddc99b07d15d1ed0046d212943e37cb,
utaustin_ee382m,slide,L22,22. Cache Verification; ML/AI in Verif.,2-on-a-page (pdf),22-2.pdf,https://www.cerc.utexas.edu/~jaa/verification/lectures/22-2.pdf,https://www.cerc.utexas.edu/~jaa/verification/lectures.php?lecture=22,slides/L16_16_Sequential_equivalence_checking.pdf,duplicate,200,application/pdf,13685,89c7800480d47781dbeda471d10c60cc9c71c6bcb84821c5784b4061ea9ec1bc,"PLACEHOLDER: server PDF is a 1-page ""Sorry, this lecture is not ready at this time."""
utaustin_ee382m,slide,L23,23. Security and Safety; Increase tool capacity,2-on-a-page (pdf),23-2.pdf,https://www.cerc.utexas.edu/~jaa/verification/lectures/23-2.pdf,https://www.cerc.utexas.edu/~jaa/verification/lectures.php?lecture=23,slides/L16_16_Sequential_equivalence_checking.pdf,duplicate,200,application/pdf,13685,89c7800480d47781dbeda471d10c60cc9c71c6bcb84821c5784b4061ea9ec1bc,"PLACEHOLDER: server PDF is a 1-page ""Sorry, this lecture is not ready at this time."""
utaustin_ee382m,slide,L24,24. Am I ready to be a verification engineer?,2-on-a-page (pdf),24-2.pdf,https://www.cerc.utexas.edu/~jaa/verification/lectures/24-2.pdf,https://www.cerc.utexas.edu/~jaa/verification/lectures.php?lecture=24,slides/L16_16_Sequential_equivalence_checking.pdf,duplicate,200,application/pdf,13685,89c7800480d47781dbeda471d10c60cc9c71c6bcb84821c5784b4061ea9ec1bc,"PLACEHOLDER: server PDF is a 1-page ""Sorry, this lecture is not ready at this time."""
utaustin_ee382m,slide,L25,25. New directions in verification,2-on-a-page (pdf),25-2.pdf,https://www.cerc.utexas.edu/~jaa/verification/lectures/25-2.pdf,https://www.cerc.utexas.edu/~jaa/verification/lectures.php?lecture=25,slides/L25_25_New_directions_in_verification.pdf,downloaded,200,application/pdf,9393136,caa8d00017623af2e9f7a6e77408a5298dffd40bf646447d6499488054c441cd,
utaustin_ee382m,slide,L03,3. Formal equivalence checking,2-on-a-page (pdf),3-2.pdf,https://www.cerc.utexas.edu/~jaa/verification/lectures/3-2.pdf,https://www.cerc.utexas.edu/~jaa/verification/lectures.php?lecture=3,slides/L03_3_Formal_equivalence_checking.pdf,downloaded,200,application/pdf,4030448,718ddb6650fc20335b312bbfdc3fc648af5dfedce48b6507d098a4e60659190c,
utaustin_ee382m,slide,L04,4. Verifying clock domain crossings,2-on-a-page (pdf),4-2.pdf,https://www.cerc.utexas.edu/~jaa/verification/lectures/4-2.pdf,https://www.cerc.utexas.edu/~jaa/verification/lectures.php?lecture=4,slides/L04_4_Verifying_clock_domain_crossings.pdf,downloaded,200,application/pdf,9507480,8d83dc5ceb6a26e12adf11a8acda68ac72d215ab3d3d2100e4735e6177c2d233,
utaustin_ee382m,slide,L05,5. Assertion Based Verification,2-on-a-page (pdf),5-2.pdf,https://www.cerc.utexas.edu/~jaa/verification/lectures/5-2.pdf,https://www.cerc.utexas.edu/~jaa/verification/lectures.php?lecture=5,slides/L05_5_Assertion_Based_Verification.pdf,downloaded,200,application/pdf,2572272,ee07067b22207779dc8c177cd72a31b455f0f4355acadeb63ba07429a5dc0157,
utaustin_ee382m,slide,L06,6. System Verilog assertions,2-on-a-page (pdf),6-2.pdf,https://www.cerc.utexas.edu/~jaa/verification/lectures/6-2.pdf,https://www.cerc.utexas.edu/~jaa/verification/lectures.php?lecture=6,slides/L06_6_System_Verilog_assertions.pdf,downloaded,200,application/pdf,1451795,6d494ce45c9d1cf1b3b76af1369aa71c4b83959e3fec8f827565e1f536eb7912,
utaustin_ee382m,slide,L07,"7. Symbolic Trajectory evaluation, term rewriting",2-on-a-page (pdf),7-2.pdf,https://www.cerc.utexas.edu/~jaa/verification/lectures/7-2.pdf,https://www.cerc.utexas.edu/~jaa/verification/lectures.php?lecture=7,slides/L07_7_Symbolic_Trajectory_evaluation_term_rewriting.pdf,downloaded,200,application/pdf,1766479,aa5021ca220c583f98833127cfe842c9d9eca81219643f622e42435e2466ffbb,
utaustin_ee382m,slide,L08,8. Machine Learning and AI in verification,2-on-a-page (pdf),8-2.pdf,https://www.cerc.utexas.edu/~jaa/verification/lectures/8-2.pdf,https://www.cerc.utexas.edu/~jaa/verification/lectures.php?lecture=8,slides/L08_8_Machine_Learning_and_AI_in_verification.pdf,downloaded,200,application/pdf,5690227,e5a273b230649089c778b3c4cf820030e48dbfc84c8274b1619de0ff753a0673,
utaustin_ee382m,slide,L09,9. Verification testbenches,2-on-a-page (pdf),9-2.pdf,https://www.cerc.utexas.edu/~jaa/verification/lectures/9-2.pdf,https://www.cerc.utexas.edu/~jaa/verification/lectures.php?lecture=9,slides/L09_9_Verification_testbenches.pdf,downloaded,200,application/pdf,1754973,18f7e0a5428459ac2d0324f5d1d7640aa2421a1cbe512c4c9051fc08f22fccef,
